"","sample","x","y"
"1","TACGTAGGTGGCAAGCGTTGTTCGGAATAACTGGGCGTAAAGGATGCGTAGGCGGTTAAACAAGTTATATGTTAAATATATAGGCTTAACCTGTAGAAAGCATATAAAACTGTTTAACTAGAGTGCAGGAGAGGTAAGTGGAATTCCTAGTGTAGCGGTGAAATGCGTAGAGATTAGGAAGAACACCAGTGGCGAAGGCGACTTACTGGACTGTAACTGACGCTGAGGCATGAGAGCATGGGGAGCAAACAGG",7.74798356039978,1.95971418846748
"2","TACGTAGGTGGCAAGCGTTGTCCGGATTTATTGGGCGTAAAGCGAGCGCAGGCGGTTTCTTAAGTCTGATGTGAAAGCCCCCGGCTCAACCGGGGAGGGTCATTGGAAACTGGGAGACTTGAGTGCAGAAGAGGAGAGTGGAATTCCATGTGTAGCGGTGAAATGCGTAGATATATGGAGGAACACCAGTGGCGAAGGCGGCTCTCTGGTCTGTAACTGACGCTGAGGCTCGAAAGCGTGGGGAGCAAACAGG",6.65574436606426,2.36707187259052
"3","TACGTAGGTCCCGAGCGTTATCCGGATTTATTGGGCGTAAAGCGAGCGCAGGCGGTTGGATAAGTCTGAAGTTAAAGGCTGTGGCTCAACCATAGTATGCTTTGGAAACTGTTCAACTTGAGTGCAGAAGGGGAGAGTGGAATTCCATGTGTAGCGGTGGAATGCGTAGATATATGGAGGAACACCGGTGGCGAAAGCGGCTCTCTGGTCTGTAACTGACGCTGAGGCTCGAAAGCGTGGGTAGCGAACAGG",5.84063671445055,2.36106590765776
"4","TACGTAGGGGGCGAGCGTTATCCGGAATTACTGGGTGTAAAGGGAGCGTAGACGGCGAGGTAAGCCTGAAGTGGAAGCCCGCGGCCCAACCGCGGAACTGCTTTGGGAACTGTTTTGCTGGAGTATGGGAGGGGTAAGCGGAATTCCTGGTGTAGCGGTGAAATGCGTAGATATCAGGAGGAACACCGGTGGCGAAGGCGGCTTACTGGACCATAACTGACGTTGAGGCTCGAAAGCGTGGGGAGCGAACAGG",5.22546068420165,3.39705542907122
"5","TACGGAGGATGCGAGCGTTATCCGGATTTATTGGGTTTAAAGGGTGCGCAGGCGGGATGTCAAGTCAGCGGTAAAATCGGGAGGCTCAACCTCTCTCAGCCGTTGAAACTGGCGTTCTTGAGTGGGCGAGAAGTATGCGGAATGCGTGGTGTAGCGGTGAAATGCATAGATATCACGCAGAACCCCGATTGCGAAGGCAGCATACCGGCGCCCGACTGACGCTCATGCACGAAAGCGTGGGTATCGAACAGG",5.22032471764898,2.444778948731
"6","TACGGAAGGTCCGGGCGTTATCCGGATTTATTGGGTTTAAAGGGAGCGTAGGCCGGTCTTTAAGCGTGCCGTGAAATTTTGTGGCTCAACCATGAGAGTGCGGCGCGAACTGGAGACCTTGAGTGCGCGGAAGGCAGGCGGAATTCGTGGTGTAGCGGTGAAATGCTTAGATATCACGAAGAACCCCGATTGCGAAGGCAGCCTGCCGCAGCGTTACTGACGCTGAAGCTCGAAAGCGCGGGTATCGAACAGG",5.15514951474404,3.59393919279615
"7","TACGTAGGGGGCGAGCGTTATCCGGATTTACTGGGTGTAAAGGGAGCGTAGACGGTTAATCAAGTCTGAAGTGAAAGCCCGCGGCTCAACTGCGGAACGGCTTTGGAAACTGAGTAACTGGAGTGCTGGAGGGGCAGGCGGAATTCCTGGTGTAGCGGTGAAATGCGTAGATATCAGGAGGAACACCGGTGGCGAAGGCGGCCTGCTGGACAGTAACTGACGTTGAGGCTCGAAAGCGTGGGGAGCAAACAGG",4.97022504637077,1.9261732778208
"8","TACGTAGGGGGCAAGCGTTATCCGGATTCACTGGGTGTAAAGGGAGCGTAGACGGCGAGACAAGTCTGGAGTGAAAGGCCGGGGCCCAACCCCGGGACTGCTCTGGAAACTGCCTGGCTGGAGTACAGGAGAGGTAAGTGGAATTCCTAGTGTAGCGGTGAAATGCGTAGATATTAGGAGGAACACCAGTGGCGAAGGCGGCTTACTGGACTGTAACTGACGTTGAGGCTCGAAAGCGTGGGGAGCAAACAGG",4.63848887912008,2.74957344235179
"9","TACGTAGGTGGCGAGCGTTATCCGGAATGATTGGGCGTAAAGGGTGCGCAGGCGGTCCTGCAAGTCTGGAGTGAAACGCATGAGCTCAACTCATGCATGGCTTTGGAAACTGGAGGACTGGAGAGCAGGAGAGGGCGGTGGAACTCCATGTGTAGCGGTAAAGTGCGTAGATATATGGAAGAACACCAGTGGCGAAGGCGGCCGCCTGGCCTGTTGCTGACGCTGAGGCACGAAAGCGTGGGGAGCAAATAGG",-4.51642833941372,2.82034297068289
"10","TACGTAGGGGGCAAGCGTTATCCGGATTTACTGGGTGTAAAGGGAGCGTAGACGGCGCGGCAAGTCTGAAGTGAAAGGCAGGGGCTTAACCCCTGAACTGCTTTGGAAACTGCCATGCTAGAGTGCTGGAGAGGTAAGTGGAATTCCTAGTGTAGCGGTGAAATGCGTAGATATTAGGAGGAACACCAGTGGCGAAGGCGGCTTACTGGACAGTAACTGACGTTGAGGCTCGAAAGCGTGGGGAGCAAACAGG",4.51258498486759,3.10401323899403
"11","TACGGAGGATGCGAGCGTTATCCGGATTTATTGGGTTTAAAGGGTGCGCAGGCGGGCTGTCAAGTCAGCGGTAAAATTGAGAGGCTCAACCTCTTCGAGCCGTTGAAACTGGCGGTCTTGAGTGAGCGAGAAGTACGCGGAATGCGTGGTGTAGCGGTGAAATGCATAGATATCACGCAGAACTCCGATTGCGAAGGCAGCGTACCGGCGCTCAACTGACGCTCATGCACGAAAGCGTGGGTATCGAACAGG",-2.23985793075852,6.28266869758015
"12","TACGGAGGATGCGAGCGTTATCCGGATTTATTGGGTTTAAAGGGTGCGTAGGCGGAGTGTCAAGTCAGCGGTAAAATTTCGGGGCTCAACCCCGTCGTGCCGTTGAAACTGACGCCCTTGAGTGAGTGAGAAGTAAGCGGAATGCGTGGTGTAGCGGTGAAATGCATAGATATCACGCAGAACGCCGATTGCGAAGGCAGCTTACCGGCGCTCAACTGACGCTGAGGCACGAAAGTGCGGGTATCGAACAGG",1.33890099974525,4.90090063580746
"13","TACGGAGGATGCGAGCGTTATCCGGATTTATTGGGTTTAAAGGGTGCGTAGGCGGCCTGCCAAGTCAGCGGTAAAATTGCGGGGCTCAACCCCGTACAGCCGTTGAAACTGCCGGGCTCGAGTGGGCGAGAAGTATGCGGAATGCGTGGTGTAGCGGTGAAATGCATAGATATCACGCAGAACCCCGATTGCGAAGGCAGCATACCGGCGCCCGACTGACGCTGAGGCACGAAAGTGCGGGGATCAAACAGG",-0.363752333212201,4.86330699476721
"14","TACGTAGGGGGCAAGCGTTATCCGGATTTACTGGGTGTAAAGGGAGCGTAGACGGCAGCGCAAGCCTGGAGTGAAAGGATGGGGCCCAACCCCATGACTGCTCTGGGAACTGTGCGGCTAGAGTGCCGGAGGGGTAAGCGGAATTCCTAGTGTAGCGGTGAAATGCGTAGATATTAGGAGGAACACCAGTGGCGAAGGCGGCTTACTGGACGGTAACTGACGTTGAGGCTCGAAAGCGTGGGGAGCAAACAGG",-0.254800636812071,-4.59892689528132
"15","TACGTAGGGGGCAAGCGTTGTCCGGATTCACTGGGCGTAAAGAGCACGTAGGCGGTTATTTAAGTCAGGTGTGAAAGTTTTCGGCTCAACCGGAAAAGTGCACTTGAAACTGGATAACTTGAGAATCGGAGAGGTAAGCGGAATTCCTAGTGTAGCGGTGAAATGCGTAGAGATTAGGAAGAACACCGGTGGCGAAGGCGGCTTACTGGACGATTACTGACGCTGAGGTGCGAAAGCGTGGGGAGCAAACAGG",-0.482428788112084,-4.58016945458672
"16","TACGTAGGGGGCAAGCGTTATCCGGATTTACTGGGTGTAAAGGGAGCGTAGACGGTATGGCAAGTCTGATGTGAAAACCCGGGGCTCAACCCCGGGACTGCATTGGAAACTGCCGAACTAGAGTGTCGGAGAGGCAAGTGGAATTCCTAGTGTAGCGGTGAAATGCGTAGATATTAGGAGGAACACCAGTGGCGAAGGCGGCTTGCTGGACGATGACTGACGTTGAGGCTCGAAAGCGTGGGGAGCAAACAGG",-0.140091689016088,-4.28585542120457
"17","TACGGAGGATGCGAGCGTTATCCGGATTCATTGGGTTTAAAGGGTGCGCAGGCGGAGCGTCAAGCCGGCGGTAAAATCGTGGGGCCCAACCCCATCCCGCCGTCGGAACTGGCGCCCTTGAGTGGCCGAGAGGTAGGCGGAATGCGTGGTGTAGCGGTGAAATGCATAGATATCACGCAGAACGCCGATTGCGAAGGCAGCCTACTGGCGGCCCACTGACGCTCAGGCACGAAAGCGTGGGGATCAAACAGG",0.928998922656336,4.03483421183271
"18","TACGGAGGATGCGAGCGTTATCCGGATTTATTGGGTTTAAAGGGTGCGTAGGCGGAATGTCAAGTCAGCGGTAAAAATTCGGGGCTCAACCCCGTCGTGCCGTTGAAACTGATGTTCTTGAGTGGGCGAGAAGTATGCGGAATGCGTGGTGTAGCGGTGAAATGCATAGATATCACGCAGAACTCCGATTGCGAAGGCAGCATACCGGCGCCCAACTGACGCTGAAGCACGAAAGCGTGGGTATCGAACAGG",0.722150298809937,4.01153377511923
"19","TACGTAGGGGGCGAGCGTTATCCGGATTCATTGGGCGTAAAGCGCGCGTAGGCGGCCGCCTAAGCGGGACCTCTAACCCCGGGGCTCAACCCCGGGCCGGGTCCCGGACTGGGCGGCTCGAGTGCGGTAGAGGAGAGCGGAATTCCCGGTGTAGCGGTGGAATGCGCAGATATCGGGAAGAACACCGATGGCGAAGGCAGCTCTCTGGGCCGTCACTGACGCTGAGGCGCGAAAGCCGGGGGAGCGAACAGG",-0.597048568166509,-3.93573986441665
"20","TACGGAGGATGCGAGCGTTATCCGGATTTATTGGGTTTAAAGGGTGCGTAGGCGGGTTGTTAAGTCAGCGGTAAAATTGCGGTGCTCAACGCCGTAGAGCCGTTGAAACTGGCGGCCTTGAGTGGGCGAGAAGTATGCGGAATGCGTGGTGTAGCGGTGAAATGCATAGATATCACGCAGAACCCCGATTGCGAAGGCAGCATACCGGCGCCCTACTGACGCTGAGGCACGAAAGTGCGGGTATCGAACAGG",2.22793401354596,3.83295628255024
